Day,Date,Sample ID,SL,Sex,Count,Area,% Area,SL_Norm,Cohort,,43.163
5,12/07/2022,1,17.571,F,154,0.059,0.697,0.407084772,DA,,
5,12/07/2022,2,13.101,M,102,0.017,0.348,0.303523851,DA,,
5,12/07/2022,3,14.761,F,75,0.025,0.349,0.341982717,DA,,
5,12/07/2022,4,15.099,F,114,0.028,0.395,0.349813498,DA,,
5,12/07/2022,5,16.972,M,170,0.043,0.528,0.393207145,DA,,
5,12/07/2022,6,15.686,F,149,0.056,0.705,0.363413108,DA,,
5,12/07/2022,7,17.528,M,229,0.079,0.986,0.406088548,DA,,
5,12/07/2022,8,13.292,F,121,0.013,0.258,0.307948938,DA,,
5,12/07/2022,9,18.033,M,177,0.068,0.78,0.417788384,DA,,
15,22/07/2022,1,18.241,F,122,0.034,0.262,0.422607326,DA,,
15,22/07/2022,2,13.798,M,137,0.017,0.297,0.319671941,DA,,
15,22/07/2022,3,16.162,F,82,0.019,0.248,0.374441072,DA,,
15,22/07/2022,4,16.559,F,63,0.017,0.182,0.383638765,DA,,
15,22/07/2022,5,18.259,M,148,0.092,0.823,0.42302435,DA,,
15,22/07/2022,6,17.112,F,133,0.037,0.386,0.396450664,DA,,
15,22/07/2022,7,18.823,M,126,0.101,0.859,0.436091097,DA,,
15,22/07/2022,8,15.682,F,151,0.027,0.324,0.363320436,DA,,
15,22/07/2022,9,18.97,M,97,0.175,1.38,0.439496791,DA,,
15,22/07/2022,10,17.611,M,103,0.151,1.597,0.408011491,DA,,
30,06/08/2022,1,20.58,F,138,0.043,0.322,0.476797257,DA,,
30,06/08/2022,2,17.067,M,196,0.018,0.213,0.395408104,DA,,
30,06/08/2022,3,18.895,F,247,0.017,0.173,0.437759192,DA,,
30,06/08/2022,4,18.939,F,191,0.037,0.357,0.438778584,DA,,
30,06/08/2022,5,20.995,M,173,0.048,0.354,0.486411973,DA,,
30,06/08/2022,6,19.845,F,179,0.028,0.194,0.459768783,DA,,
30,06/08/2022,7,21.918,M,182,0.05,0.347,0.507796029,DA,,
30,06/08/2022,8,18.831,F,150,0.018,0.187,0.43627644,DA,,
30,06/08/2022,10,20.31,M,158,0.049,0.43,0.470541899,DA,,
50,26/08/2022,1,23.498,F,363,0.015,0.089,0.544401455,DA,,
50,26/08/2022,2,19.701,M,325,0.011,0.108,0.456432593,DA,,
50,26/08/2022,3,22.646,F,502,0.012,0.082,0.524662327,DA,,
50,26/08/2022,4,21.15,F,295,0.012,0.092,0.490003012,DA,,
50,26/08/2022,5,25.134,M,294,0.01,0.058,0.582304288,DA,,
50,26/08/2022,6,22.991,F,341,0.029,0.165,0.532655283,DA,,
50,26/08/2022,7,25.145,M,403,0.022,0.091,0.582559136,DA,,
50,26/08/2022,8,21.792,F,367,0.015,0.121,0.504876862,DA,,
50,26/08/2022,9,25.078,M,206,0.008,0.039,0.581006881,DA,,
50,26/08/2022,10,23.823,M,306,0.018,0.114,0.551931052,DA,,
61,06/09/2022,1,24.831,F,158,0.024,0.114,0.575284387,DA,,
61,06/09/2022,2,20.907,M,55,0.007,0.048,0.48437319,DA,,
61,06/09/2022,3,24.169,F,195,0.017,0.09,0.559947177,DA,,
61,06/09/2022,4,22.807,F,97,0.02,0.121,0.528392373,DA,,
61,06/09/2022,5,26.833,M,134,0.014,0.058,0.621666705,DA,,
61,06/09/2022,6,24.155,F,151,0.034,0.155,0.559622825,DA,,
61,06/09/2022,7,26.97,M,131,0.029,0.118,0.62484072,DA,,
61,06/09/2022,8,22.542,F,164,0.021,0.13,0.522252855,DA,,
61,06/09/2022,9,26.618,M,130,0.018,0.072,0.616685587,DA,,
61,06/09/2022,10,26.564,M,100,0.025,0.099,0.615434516,DA,,
71,16/09/2022,1,26.063,F,370,0.044,0.199,0.603827352,DA,,
71,16/09/2022,2,22.299,M,315,0.024,0.148,0.516623034,DA,,
71,16/09/2022,3,25.963,F,412,0.058,0.28,0.601510553,DA,,
71,16/09/2022,4,23.602,F,185,0.12,0.633,0.546810926,DA,,
71,16/09/2022,5,28.812,M,334,0.037,0.127,0.66751616,DA,,
71,16/09/2022,6,25.232,F,275,0.085,0.348,0.584574752,DA,,
71,16/09/2022,7,28.647,M,367,0.04,0.143,0.663693441,DA,,
71,16/09/2022,8,23.243,F,171,0.159,0.891,0.538493617,DA,,
71,16/09/2022,9,28.642,M,372,0.041,0.131,0.663577601,DA,,
71,16/09/2022,10,28.318,M,252,0.03,0.111,0.656071172,DA,,
83,28/09/2022,2,22.465,M,140,0.008,0.043,0.52046892,DA,,
83,28/09/2022,4,24.769,F,206,0.033,0.176,0.573847972,DA,,
83,28/09/2022,5,32.256,M,213,0.01,0.028,0.747306721,DA,,
83,28/09/2022,6,25.915,F,180,0.049,0.206,0.600398489,DA,,
83,28/09/2022,7,31.133,M,136,0.011,0.032,0.721289067,DA,,
83,28/09/2022,8,24.386,F,263,0.033,0.168,0.564974631,DA,,
83,28/09/2022,9,31.373,M,155,0.007,0.018,0.726849385,DA,,
83,28/09/2022,10,30.635,M,141,0.012,0.033,0.709751407,DA,,
92,07/10/2022,2,25.41,M,158,0.014,0.062,0.588698654,DA,,
92,07/10/2022,3,27.902,F,245,0.052,0.306,0.646433288,DA,,
92,07/10/2022,4,26.335,F,146,0.058,0.266,0.610129046,DA,,
92,07/10/2022,5,34.256,M,199,0.017,0.038,0.793642703,DA,,
92,07/10/2022,6,27.749,F,145,0.071,0.221,0.642888585,DA,,
92,07/10/2022,7,32.115,M,137,0.018,0.038,0.744040034,DA,,
92,07/10/2022,8,24.498,F,128,0.075,0.323,0.567569446,DA,,
92,07/10/2022,9,33.362,M,175,0.014,0.028,0.772930519,DA,,
92,07/10/2022,10,32.205,M,84,0.024,0.058,0.746125153,DA,,
102,17/10/2022,2,27.093,M,103,0.006,0.021,0.627690383,DA,,
102,17/10/2022,3,29.723,F,195,0.026,0.098,0.6886222,DA,,
102,17/10/2022,4,27.098,F,151,0.025,0.099,0.627806223,DA,,
102,17/10/2022,5,37.793,M,184,0.009,0.019,0.875587888,DA,,
102,17/10/2022,7,34.867,M,133,0.011,0.024,0.807798346,DA,,
102,17/10/2022,8,25.661,F,379,0.05,0.192,0.59451382,DA,,
102,17/10/2022,9,35.671,M,140,0.007,0.012,0.826425411,DA,,
102,17/10/2022,10,34.721,M,105,0.008,0.016,0.804415819,DA,,
113,28/10/2022,2,27.675,M,68,0.005,0.035,0.641174154,DA,,
113,28/10/2022,3,30.387,F,58,0.027,0.073,0.704005746,DA,,
113,28/10/2022,4,28.503,F,81,0.019,0.054,0.66035725,DA,,
113,28/10/2022,5,38.157,M,71,0.025,0.04,0.884021037,DA,,
113,28/10/2022,6,30.235,F,103,0.059,0.144,0.700484211,DA,,
113,28/10/2022,7,36.425,M,78,0.028,0.049,0.843894076,DA,,
113,28/10/2022,8,26.797,F,150,0.058,0.214,0.620832658,DA,,
113,28/10/2022,9,36.529,M,87,0.022,0.038,0.846303547,DA,,
113,28/10/2022,10,35.327,M,72,0.019,0.04,0.818455622,DA,,
134,18/11/2022,2,31.659,M,21,0.003,0.009,0.73347543,DA,,
134,18/11/2022,3,32.13,F,64,0.009,0.035,0.744387554,DA,,
134,18/11/2022,4,34.017,F,18,0.002,0.005,0.788105553,DA,,
134,18/11/2022,5,40.736,M,75,0.005,0.011,0.943771286,DA,,
134,18/11/2022,6,32.238,F,98,0.028,0.053,0.746889697,DA,,
134,18/11/2022,7,38.431,M,35,0.007,0.009,0.890369066,DA,,
134,18/11/2022,8,27.539,F,165,0.025,0.096,0.638023307,DA,,
134,18/11/2022,9,39.197,M,38,0.001,0.003,0.908115747,DA,,
134,18/11/2022,10,37.143,M,62,0.009,0.021,0.860528694,DA,,
141,25/11/2022,2,32.855,M,29,0.004,0.009,0.761184348,DA,,
141,25/11/2022,3,33.475,F,126,0.014,0.054,0.775548502,DA,,
141,25/11/2022,4,23.661,F,38,0.005,0.015,0.548177837,DA,,
141,25/11/2022,5,43.163,M,121,0.005,0.01,1,DA,,
141,25/11/2022,6,33.911,F,183,0.054,0.159,0.785649746,DA,,
141,25/11/2022,7,39.714,M,9,5.44E-04,0.003,0.920093599,DA,,
141,25/11/2022,8,30.2,F,185,0.032,0.128,0.699673331,DA,,
141,25/11/2022,9,39.309,M,5,0.001,0.007,0.910710562,DA,,
